snapshot_date,airline,country_region,crewconnex_grade,crewconnex_basis,pilot_observed,pilot_observed_period,pilot_observed_scope,pilot_band_low,pilot_band_high,fleet_total,fleet_active,fleet_scope,pilot_model_note,source_ids,research_state
2026-10-04,"Air Alsie","Denmark","A2","Safelog CrewConnex-specific import + current PDC relationship","","","",30,60,8,8,"narrow ownership/tracker subset; managed/operated fleet is broader","business aviation planning band; low confidence","S04;S20;S21;S35","core"
2026-10-04,"Air Seoul","South Korea","A1","Jul-2026 CrewLine release explicitly names Air Seoul CrewConnex","","","",90,135,6,6,"6 A321","narrowbody scheduled model; current direct pilot count still needed","S05;S18","core"
2026-10-04,"Air Seychelles","Seychelles","B","Safelog CrewConnex-specific import; no second fresh system-side confirmation","81","2018","Seychellois pilots, historical",70,100,7,7,"5 Twin Otter + 2 A320neo","historical pilot anchor + current mixed fleet; not a 2026 headcount","S04;S12;S19","core"
2026-10-04,"Arkia","Israel","A2","Safelog CrewConnex-specific import + current PDC relationship","","","",100,180,10,10,"tracked operational footprint includes external/wet-leased registration","mixed fleet planning band","S04;S22;S35","core"
2026-10-04,"Atlantic Airways","Faroe Islands","A2","Safelog CrewConnex-specific import + current PDC relationship","","","",30,60,6,6,"4 fixed-wing aircraft + 2 helicopters","mixed fixed-wing/helicopter operation; ~280 total employees in 2026","S04;S13;S35","core"
2026-10-04,"Bulgaria Air","Bulgaria","A2","Safelog CrewConnex-specific import + PDC CrewConnex/current PDC evidence","","","",144,256,16,15,"A220/A319/A320/E190; 1 parked in Oct-2026 tracker snapshot","mixed scheduled fleet planning band","S01;S04;S23;S35","core"
2026-10-04,"DAT","Denmark / group","A2","Safelog CrewConnex-specific import + current PDC relationship","","","",136,272,20,17,"Danish AOC; mixed ATR/Airbus; affiliated AOCs exist","regional/mixed planning band","S04;S24;S35","core"
2026-10-04,"Electra Airways","Bulgaria","A2","Safelog CrewConnex-specific import + current PDC relationship","","","",154,220,11,11,"official 10 A320 + 1 A321","ACMI narrowbody planning band","S04;S25;S35","core"
2026-10-04,"Emerald Airlines","Ireland / UK","A2","Safelog CrewConnex-specific import + current PDC relationship","","","",152,266,20,19,"Ireland + UK group footprint; ATR72","regional/turboprop planning band","S04;S26;S27;S35","core"
2026-10-04,"FlyOne","Moldova","A1","Aug-2026 Roster Helper source explicitly identifies FlyOne crew portal as CrewConnex","","","",126,180,10,9,"A320/A321; 1 parked in Sep-2026 tracker snapshot","narrowbody scheduled model","S06;S28;S35","core"
2026-10-04,"CemAir / FlyCemAir","South Africa","A2","Safelog CrewConnex-specific import + current PDC relationship","","","",160,280,26,20,"CRJ/Dash tracker scope; 6 parked","regional/mixed planning band; public fleet sources differ","S04;S29;S35","core"
2026-10-04,"Jeju Air","South Korea","A2","Safelog CrewConnex-specific import + current PDC relationship",656,"2023","all pilots reported from MOLIT data",620,720,44,42,"44 total / 42 in service Oct-2026","direct historical count is primary anchor; similar current fleet scale","S04;S08;S17;S35","core"
2026-10-04,"Jettime","Denmark","A2","Safelog CrewConnex-specific import + current PDC airline relationship","","","",130,182,13,13,"13 B737-800","charter/ACMI narrowbody planning band","S04;S30","core"
2026-10-04,"Norse Atlantic Airways","Norway","A2","Safelog CrewConnex-specific import + current PDC relationship","~300","Q2 2026","all pilots, management statement",290,310,12,12,"12 Boeing 787","direct current management anchor","S04;S09","core"
2026-10-04,"Nouvelair","Tunisia","A1","live CrewConnex login endpoint","","","",224,320,19,16,"19 total / 16 in service / 3 parked Oct-2026","narrowbody scheduled model","S07;S31","core"
2026-10-04,"SKY Airline","Chile / Peru","A2","Safelog CrewConnex-specific import + current PDC relationship",257,"Mar 2025","Chile pilot-union roster; lower bound/partial population",280,380,36,36,"official 36-aircraft NEO fleet","union count is not treated as total group pilots","S04;S11;S14;S15;S35","core"
2026-10-04,"SkyUp Airlines","Ukraine / Malta","A2","Safelog CrewConnex-specific import + current PDC relationship",168,"current public ACMI page","all pilots stated by operator",168,168,10,10,"10 Boeing 737","direct operator count","S04;S10;S35","core"
2026-10-04,"TUS Airways","Cyprus","A2","Safelog CrewConnex-specific import + current PDC relationship","","","",42,60,3,3,"official 3 A320-family aircraft","narrowbody scheduled/charter planning band","S04;S32;S35","core"
2026-10-04,"West Atlantic","UK / Sweden","A2","Safelog CrewConnex-specific import + current PDC relationship","","","",88,154,11,11,"traceable AOC subset: UK 9 + Sweden 2; group brand footprint is larger","cargo planning band; limited to traceable AOC subset","S04;S33;S34;S35","core"
