system_id,vendor,product,crew_interface,priority,status,airline_count_confirmed,pilot_tam_low,pilot_tam_high,best_sample_grade,known_formats,parser_readiness,next_high_value_gap
crewconnex,PDC,FlightCrew,CrewConnex,1,ACTIVE,19,3034,4303,P2,"CSV;HTML;PDF-capability","baseline established","acquire multiple actual P1 samples and airline variations"
aims-ecrew,AIMS,AIMS,eCREW,2,QUEUED,,,,P3,"CSV;HTML/HTM","initial leads","acquire public raw sample and map fields"
navblue,NAVBLUE,N-Ops & Crew / RAIDO,"N-OC / N-Crew",3,QUEUED,,,,P2,"ICS;calendar subscription;PDF","initial leads","acquire actual ICS/PDF samples and airline deployments"
netline,Lufthansa Systems,NetLine Crew,"Crewlink / Crew apps",4,QUEUED,,,,P1,"PDF","strong sample lead","retrieve/validate scrambled sample and map fields"
cae-crew-access,CAE,Crew Management,Crew Access,5,QUEUED,,,,P3,"TBD","initial lead","identify export formats and public samples"
flica,CAE,FLICA,FLICA,6,QUEUED,,,,P3,"ICS","initial lead","obtain actual sample and airline cohort"
ibs-iflight,IBS Software,iFlight,"crew self-service",7,QUEUED,,,,P4,"TBD","deployment evidence exists","identify crew export formats and sample data"
jeppesen,Boeing/Jeppesen,Crew Management,"TBD",8,QUEUED,,,,P5,"TBD","discovery only","identify crew-facing export paths"
sabre,Sabre,AirCentre crew products,"TBD",9,QUEUED,,,,P5,"TBD","discovery only","resolve current product lineage and export paths"
leon,LEON Software,LEON,"crew portal",10,QUEUED,,,,P3,"TBD","integration evidence exists","identify raw export formats"
